<?xml version="1.0" encoding="utf-8"?>
<!DOCTYPE hibernate-mapping PUBLIC "-//Hibernate/Hibernate Mapping DTD 3.0//EN"
"http://hibernate.sourceforge.net/hibernate-mapping-3.0.dtd">
<!-- 
    Mapping file autogenerated by MyEclipse - Hibernate Tools
-->
<hibernate-mapping>
    <class name="feelsafeHibernatePackage.Appointments" table="appointments" catalog="feelsafe">
        <id name="id" type="java.lang.Integer">
            <column name="id" />
            <generator class="assigned" />
        </id>
        <many-to-one name="employeesByEmployeeuserid" class="feelsafeHibernatePackage.Employees" fetch="select">
            <column name="employeeuserid" length="20" />
        </many-to-one>
        <many-to-one name="employeesByDoctoruserid" class="feelsafeHibernatePackage.Employees" fetch="select">
            <column name="doctoruserid" length="20" />
        </many-to-one>
        <property name="patientname" type="java.lang.String">
            <column name="patientname" length="20" />
        </property>
        <property name="age" type="java.lang.Integer">
            <column name="age" />
        </property>
        <property name="sex" type="java.lang.Integer">
            <column name="sex" />
        </property>
        <property name="healthproblem" type="java.lang.String">
            <column name="healthproblem" length="64" />
        </property>
        <property name="appointmentdate" type="java.lang.String">
            <column name="appointmentdate" length="20" />
        </property>
        <property name="appointmenttime" type="java.lang.String">
            <column name="appointmenttime" length="20" />
        </property>
        <property name="type" type="java.lang.Integer">
            <column name="type" />
        </property>
    </class>
</hibernate-mapping>
