<?xml version="1.0" encoding="utf-8"?>
<!DOCTYPE hibernate-mapping PUBLIC "-//Hibernate/Hibernate Mapping DTD 3.0//EN"
"http://hibernate.sourceforge.net/hibernate-mapping-3.0.dtd">
<!-- 
    Mapping file autogenerated by MyEclipse - Hibernate Tools
-->
<hibernate-mapping>
    <class name="feelsafeHibernatePackage.Employees" table="employees" catalog="feelsafe">
        <id name="username" type="java.lang.String">
            <column name="username" length="20" />
            <generator class="assigned" />
        </id>
        <property name="password" type="java.lang.String">
            <column name="password" length="20" />
        </property>
        <property name="firstname" type="java.lang.String">
            <column name="firstname" length="20" />
        </property>
        <property name="lastname" type="java.lang.String">
            <column name="lastname" length="20" />
        </property>
        <property name="address" type="java.lang.String">
            <column name="address" length="128" />
        </property>
        <property name="phone" type="java.lang.String">
            <column name="phone" length="20" />
        </property>
        <property name="sex" type="java.lang.Integer">
            <column name="sex" />
        </property>
        <property name="nationality" type="java.lang.String">
            <column name="nationality" length="20" />
        </property>
        <property name="verificationcode" type="java.lang.String">
            <column name="verificationcode" length="20" />
        </property>
        <property name="type" type="java.lang.Integer">
            <column name="type" />
        </property>
        <property name="consultinghours" type="java.lang.String">
            <column name="consultinghours" length="20" />
        </property>
        <property name="qualification" type="java.lang.String">
            <column name="qualification" length="20" />
        </property>
        <property name="specialist" type="java.lang.String">
            <column name="specialist" length="64" />
        </property>
        <set name="otherfeeses" inverse="true">
            <key>
                <column name="adminuserid" length="20" />
            </key>
            <one-to-many class="feelsafeHibernatePackage.Otherfees" />
        </set>
        <set name="appointmentsesForEmployeeuserid" inverse="true">
            <key>
                <column name="employeeuserid" length="20" />
            </key>
            <one-to-many class="feelsafeHibernatePackage.Appointments" />
        </set>
        <set name="healths" inverse="true">
            <key>
                <column name="doctoruserid" length="20" />
            </key>
            <one-to-many class="feelsafeHibernatePackage.Health" />
        </set>
        <set name="roomses" inverse="true">
            <key>
                <column name="employeeuserid" length="20" />
            </key>
            <one-to-many class="feelsafeHibernatePackage.Rooms" />
        </set>
        <set name="patientsForEmployeeuserid" inverse="true">
            <key>
                <column name="employeeuserid" length="20" />
            </key>
            <one-to-many class="feelsafeHibernatePackage.Patient" />
        </set>
        <set name="doctorfeeses" inverse="true">
            <key>
                <column name="doctoruserid" length="20" />
            </key>
            <one-to-many class="feelsafeHibernatePackage.Doctorfees" />
        </set>
        <set name="patientsForDoctorconsultedid" inverse="true">
            <key>
                <column name="doctorconsultedid" length="20" />
            </key>
            <one-to-many class="feelsafeHibernatePackage.Patient" />
        </set>
        <set name="appointmentsesForDoctoruserid" inverse="true">
            <key>
                <column name="doctoruserid" length="20" />
            </key>
            <one-to-many class="feelsafeHibernatePackage.Appointments" />
        </set>
    </class>
</hibernate-mapping>
